,ID_TRAMO,total_samples,min_diff,max_diff,mean_diff,median_diff,std_diff,significant_deviations,deviation_rate
0,1,379,4.85,5.116666666666666,5.0,5.0,0.032368883333333334,0,0.0
1,2,380,4.85,5.116666666666666,5.0,5.0,0.03232605,0,0.0
2,3,380,4.85,5.116666666666666,5.0,5.0,0.03232605,0,0.0
3,4,380,4.85,5.116666666666666,5.0,5.0,0.03232605,0,0.0
4,5,379,4.85,5.116666666666666,5.0,5.0,0.032368883333333334,0,0.0
5,6,379,4.85,5.116666666666666,5.0,5.0,0.032368883333333334,0,0.0
6,7,380,4.85,5.116666666666666,5.0,5.0,0.03232605,0,0.0
7,8,380,4.85,5.116666666666666,5.0,5.0,0.03232605,0,0.0
8,9,380,4.85,5.116666666666666,5.0,5.0,0.03232605,0,0.0
9,10,379,4.85,5.116666666666666,5.0,5.0,0.032368883333333334,0,0.0
10,11,379,4.85,5.116666666666666,5.0,5.0,0.032368883333333334,0,0.0
11,12,380,4.85,5.116666666666666,5.0,5.0,0.03232605,0,0.0
12,13,380,4.85,5.116666666666666,5.0,5.0,0.03232605,0,0.0
13,14,379,4.85,5.116666666666666,5.0,5.0,0.032368883333333334,0,0.0
14,15,380,4.85,5.116666666666666,5.0,5.0,0.03232605,0,0.0
15,16,380,4.85,5.116666666666666,5.0,5.0,0.03232605,0,0.0
16,17,380,4.85,5.116666666666666,5.0,5.0,0.03232605,0,0.0
17,18,379,4.85,5.116666666666666,5.0,5.0,0.032368883333333334,0,0.0
18,19,380,4.85,5.116666666666666,5.0,5.0,0.03232605,0,0.0
19,20,380,4.85,5.116666666666666,5.0,5.0,0.03232605,0,0.0
20,21,379,4.85,5.116666666666666,5.0,5.0,0.032368883333333334,0,0.0
21,22,380,4.85,5.116666666666666,5.0,5.0,0.03232605,0,0.0
22,23,380,4.85,5.116666666666666,5.0,5.0,0.03232605,0,0.0
23,24,380,4.85,5.116666666666666,5.0,5.0,0.03232605,0,0.0
24,25,380,4.85,5.116666666666666,5.0,5.0,0.03232605,0,0.0
25,26,379,4.85,5.116666666666666,5.0,5.0,0.032368883333333334,0,0.0
26,27,380,4.85,5.116666666666666,5.0,5.0,0.03232605,0,0.0
27,28,379,4.85,5.116666666666666,5.0,5.0,0.032368883333333334,0,0.0
28,29,380,4.85,5.116666666666666,5.0,5.0,0.03232605,0,0.0
29,30,379,4.85,5.116666666666666,5.0,5.0,0.032368883333333334,0,0.0
30,31,379,4.85,5.116666666666666,5.0,5.0,0.032368883333333334,0,0.0
31,32,379,4.85,5.116666666666666,5.0,5.0,0.032368883333333334,0,0.0
32,33,380,4.85,5.116666666666666,5.0,5.0,0.03232605,0,0.0
33,34,380,4.85,5.116666666666666,5.0,5.0,0.03232605,0,0.0
34,35,379,4.85,5.116666666666666,5.0,5.0,0.032368883333333334,0,0.0
35,36,379,4.85,5.116666666666666,5.0,5.0,0.032368883333333334,0,0.0
36,37,380,4.85,5.116666666666666,5.0,5.0,0.03232605,0,0.0
37,38,380,4.85,5.116666666666666,5.0,5.0,0.03232605,0,0.0
38,39,380,4.85,5.116666666666666,5.0,5.0,0.03232605,0,0.0
39,40,380,4.85,5.116666666666666,5.0,5.0,0.03232605,0,0.0
40,41,379,4.85,5.116666666666666,5.0,5.0,0.032368883333333334,0,0.0
41,42,379,4.85,5.116666666666666,5.0,5.0,0.032368883333333334,0,0.0
42,43,380,4.85,5.116666666666666,5.0,5.0,0.03232605,0,0.0
43,44,379,4.85,5.116666666666666,5.0,5.0,0.032368883333333334,0,0.0
44,45,379,4.85,5.116666666666666,5.0,5.0,0.032368883333333334,0,0.0
45,46,380,4.85,5.116666666666666,5.0,5.0,0.03232605,0,0.0
46,47,379,4.85,5.116666666666666,5.0,5.0,0.032368883333333334,0,0.0
47,48,380,4.85,5.116666666666666,5.0,5.0,0.03232605,0,0.0
48,49,380,4.85,5.116666666666666,5.0,5.0,0.03232605,0,0.0
49,50,380,4.85,5.116666666666666,5.0,5.0,0.03232605,0,0.0
50,51,380,4.85,5.116666666666666,5.0,5.0,0.03232605,0,0.0
51,52,380,4.85,5.116666666666666,5.0,5.0,0.03232605,0,0.0
52,53,379,4.85,5.116666666666666,5.0,5.0,0.032368883333333334,0,0.0
53,54,379,4.85,5.116666666666666,5.0,5.0,0.032368883333333334,0,0.0
54,55,379,4.85,5.116666666666666,5.0,5.0,0.032368883333333334,0,0.0
55,56,380,4.85,5.116666666666666,5.0,5.0,0.03232605,0,0.0
56,57,379,4.85,5.116666666666666,5.0,5.0,0.032368883333333334,0,0.0
57,58,379,4.85,5.116666666666666,5.0,5.0,0.032368883333333334,0,0.0
58,59,380,4.85,5.116666666666666,5.0,5.0,0.03232605,0,0.0
59,60,379,4.85,5.116666666666666,5.0,5.0,0.032368883333333334,0,0.0
60,61,379,4.85,5.116666666666666,5.0,5.0,0.032368883333333334,0,0.0
61,62,380,4.85,5.116666666666666,5.0,5.0,0.03232605,0,0.0
62,63,380,4.85,5.116666666666666,5.0,5.0,0.03232605,0,0.0
63,64,379,4.85,5.116666666666666,5.0,5.0,0.032368883333333334,0,0.0
64,65,380,4.85,5.116666666666666,5.0,5.0,0.03232605,0,0.0
65,66,380,4.85,5.116666666666666,5.0,5.0,0.03232605,0,0.0
66,67,379,4.85,5.116666666666666,5.0,5.0,0.032368883333333334,0,0.0
67,68,380,4.85,5.116666666666666,5.0,5.0,0.03232605,0,0.0
68,69,379,4.85,5.116666666666666,5.0,5.0,0.032368883333333334,0,0.0
69,70,380,4.85,5.116666666666666,5.0,5.0,0.03232605,0,0.0
70,71,380,4.85,5.116666666666666,5.0,5.0,0.03232605,0,0.0
71,72,379,4.85,5.116666666666666,5.0,5.0,0.032368883333333334,0,0.0
72,73,380,4.85,5.116666666666666,5.0,5.0,0.03232605,0,0.0
73,74,380,4.85,5.116666666666666,5.0,5.0,0.03232605,0,0.0
74,75,380,4.85,5.116666666666666,5.0,5.0,0.03232605,0,0.0
75,76,379,4.85,5.116666666666666,5.0,5.0,0.032368883333333334,0,0.0
76,77,379,4.85,5.116666666666666,5.0,5.0,0.032368883333333334,0,0.0
77,78,379,4.85,5.116666666666666,5.0,5.0,0.032368883333333334,0,0.0
78,79,379,4.85,5.116666666666666,5.0,5.0,0.032368883333333334,0,0.0
79,80,380,4.85,5.116666666666666,5.0,5.0,0.03232605,0,0.0
80,81,379,4.85,5.116666666666666,5.0,5.0,0.032368883333333334,0,0.0
81,82,379,4.85,5.116666666666666,5.0,5.0,0.032368883333333334,0,0.0
82,83,379,4.85,5.116666666666666,5.0,5.0,0.032368883333333334,0,0.0
83,84,379,4.85,5.116666666666666,5.0,5.0,0.032368883333333334,0,0.0
84,85,380,4.85,5.116666666666666,5.0,5.0,0.03232605,0,0.0
85,86,379,4.85,5.116666666666666,5.0,5.0,0.032368883333333334,0,0.0
86,87,379,4.85,5.116666666666666,5.0,5.0,0.032368883333333334,0,0.0
87,88,379,4.85,5.116666666666666,5.0,5.0,0.032368883333333334,0,0.0
88,89,380,4.85,5.116666666666666,5.0,5.0,0.03232605,0,0.0
89,90,379,4.85,5.116666666666666,5.0,5.0,0.032368883333333334,0,0.0
90,91,379,4.85,5.116666666666666,5.0,5.0,0.032368883333333334,0,0.0
91,92,380,4.85,5.116666666666666,5.0,5.0,0.03232605,0,0.0
92,93,380,4.85,5.116666666666666,5.0,5.0,0.03232605,0,0.0
93,94,379,4.85,5.116666666666666,5.0,5.0,0.032368883333333334,0,0.0
94,95,379,4.85,5.116666666666666,5.0,5.0,0.032368883333333334,0,0.0
95,96,380,4.85,5.116666666666666,5.0,5.0,0.03232605,0,0.0
96,97,379,4.85,5.116666666666666,5.0,5.0,0.032368883333333334,0,0.0
97,98,380,4.85,5.116666666666666,5.0,5.0,0.03232605,0,0.0
98,99,379,4.85,5.116666666666666,5.0,5.0,0.032368883333333334,0,0.0
99,100,380,4.85,5.116666666666666,5.0,5.0,0.03232605,0,0.0
100,101,379,4.85,5.116666666666666,5.0,5.0,0.032368883333333334,0,0.0
101,102,380,4.85,5.116666666666666,5.0,5.0,0.03232605,0,0.0
102,103,380,4.85,5.116666666666666,5.0,5.0,0.03232605,0,0.0
103,104,380,4.85,5.116666666666666,5.0,5.0,0.03232605,0,0.0
104,105,380,4.85,5.116666666666666,5.0,5.0,0.03232605,0,0.0
105,106,380,4.85,5.116666666666666,5.0,5.0,0.03232605,0,0.0
106,107,379,4.85,5.116666666666666,5.0,5.0,0.032368883333333334,0,0.0
107,108,379,4.85,5.116666666666666,5.0,5.0,0.032368883333333334,0,0.0
108,109,380,4.85,5.116666666666666,5.0,5.0,0.03232605,0,0.0
109,110,380,4.85,5.116666666666666,5.0,5.0,0.03232605,0,0.0
110,111,380,4.85,5.116666666666666,5.0,5.0,0.03232605,0,0.0
111,112,380,4.85,5.116666666666666,5.0,5.0,0.03232605,0,0.0
112,113,379,4.85,5.116666666666666,5.0,5.0,0.032368883333333334,0,0.0
113,114,380,4.85,5.116666666666666,5.0,5.0,0.03232605,0,0.0
114,115,379,4.85,5.116666666666666,5.0,5.0,0.032368883333333334,0,0.0
115,116,379,4.85,5.116666666666666,5.0,5.0,0.032368883333333334,0,0.0
116,117,380,4.85,5.116666666666666,5.0,5.0,0.03232605,0,0.0
117,118,379,4.85,5.116666666666666,5.0,5.0,0.032368883333333334,0,0.0
118,119,380,4.85,5.116666666666666,5.0,5.0,0.03232605,0,0.0
119,120,380,4.85,5.116666666666666,5.0,5.0,0.03232605,0,0.0
120,121,379,4.85,5.116666666666666,5.0,5.0,0.032368883333333334,0,0.0
121,122,380,4.85,5.116666666666666,5.0,5.0,0.03232605,0,0.0
122,123,379,4.85,5.116666666666666,5.0,5.0,0.032368883333333334,0,0.0
123,124,379,4.85,5.116666666666666,5.0,5.0,0.032368883333333334,0,0.0
124,125,380,4.85,5.116666666666666,5.0,5.0,0.03232605,0,0.0
125,126,379,4.85,5.116666666666666,5.0,5.0,0.032368883333333334,0,0.0
126,127,379,4.85,5.116666666666666,5.0,5.0,0.032368883333333334,0,0.0
127,128,380,4.85,5.116666666666666,5.0,5.0,0.03232605,0,0.0
128,129,380,4.85,5.116666666666666,5.0,5.0,0.03232605,0,0.0
129,130,379,4.85,5.116666666666666,5.0,5.0,0.032368883333333334,0,0.0
130,131,379,4.85,5.116666666666666,5.0,5.0,0.032368883333333334,0,0.0
131,132,380,4.85,5.116666666666666,5.0,5.0,0.03232605,0,0.0
132,133,380,4.85,5.116666666666666,5.0,5.0,0.03232605,0,0.0
133,134,379,4.85,5.116666666666666,5.0,5.0,0.032368883333333334,0,0.0
134,135,380,4.85,5.116666666666666,5.0,5.0,0.03232605,0,0.0
135,136,380,4.85,5.116666666666666,5.0,5.0,0.03232605,0,0.0
136,137,379,4.85,5.116666666666666,5.0,5.0,0.032368883333333334,0,0.0
137,138,380,4.85,5.116666666666666,5.0,5.0,0.03232605,0,0.0
138,139,379,4.85,5.116666666666666,5.0,5.0,0.032368883333333334,0,0.0
139,140,379,4.85,5.116666666666666,5.0,5.0,0.032368883333333334,0,0.0
140,141,379,4.85,5.116666666666666,5.0,5.0,0.032368883333333334,0,0.0
141,142,379,4.85,5.116666666666666,5.0,5.0,0.032368883333333334,0,0.0
142,143,380,4.85,5.116666666666666,5.0,5.0,0.03232605,0,0.0
143,144,380,4.85,5.116666666666666,5.0,5.0,0.03232605,0,0.0
144,145,379,4.85,5.116666666666666,5.0,5.0,0.032368883333333334,0,0.0
145,146,380,4.85,5.116666666666666,5.0,5.0,0.03232605,0,0.0
146,147,380,4.85,5.116666666666666,5.0,5.0,0.03232605,0,0.0
147,148,379,4.85,5.116666666666666,5.0,5.0,0.032368883333333334,0,0.0
148,149,379,4.85,5.116666666666666,5.0,5.0,0.032368883333333334,0,0.0
149,150,380,4.85,5.116666666666666,5.0,5.0,0.03232605,0,0.0
150,151,379,4.85,5.116666666666666,5.0,5.0,0.032368883333333334,0,0.0
151,152,380,4.85,5.116666666666666,5.0,5.0,0.03232605,0,0.0
152,153,380,4.85,5.116666666666666,5.0,5.0,0.03232605,0,0.0
153,154,379,4.85,5.116666666666666,5.0,5.0,0.032368883333333334,0,0.0
154,155,379,4.85,5.116666666666666,5.0,5.0,0.032368883333333334,0,0.0
155,156,380,4.85,5.116666666666666,5.0,5.0,0.03232605,0,0.0
156,157,379,4.85,5.116666666666666,5.0,5.0,0.032368883333333334,0,0.0
157,158,379,4.85,5.116666666666666,5.0,5.0,0.032368883333333334,0,0.0
158,159,379,4.85,5.116666666666666,5.0,5.0,0.032368883333333334,0,0.0
159,160,380,4.85,5.116666666666666,5.0,5.0,0.03232605,0,0.0
160,161,380,4.85,5.116666666666666,5.0,5.0,0.03232605,0,0.0
161,162,380,4.85,5.116666666666666,5.0,5.0,0.03232605,0,0.0
162,163,379,4.85,5.116666666666666,5.0,5.0,0.032368883333333334,0,0.0
163,164,380,4.85,5.116666666666666,5.0,5.0,0.03232605,0,0.0
164,165,380,4.85,5.116666666666666,5.0,5.0,0.03232605,0,0.0
165,166,380,4.85,5.116666666666666,5.0,5.0,0.03232605,0,0.0
166,167,380,4.85,5.116666666666666,5.0,5.0,0.03232605,0,0.0
167,168,379,4.85,5.116666666666666,5.0,5.0,0.032368883333333334,0,0.0
168,169,379,4.85,5.116666666666666,5.0,5.0,0.032368883333333334,0,0.0
169,170,379,4.85,5.116666666666666,5.0,5.0,0.032368883333333334,0,0.0
170,171,380,4.85,5.116666666666666,5.0,5.0,0.03232605,0,0.0
171,172,380,4.85,5.116666666666666,5.0,5.0,0.03232605,0,0.0
172,173,379,4.85,5.116666666666666,5.0,5.0,0.032368883333333334,0,0.0
173,174,380,4.85,5.116666666666666,5.0,5.0,0.03232605,0,0.0
174,175,380,4.85,5.116666666666666,5.0,5.0,0.03232605,0,0.0
175,176,379,4.85,5.116666666666666,5.0,5.0,0.032368883333333334,0,0.0
176,177,380,4.85,5.116666666666666,5.0,5.0,0.03232605,0,0.0
177,178,380,4.85,5.116666666666666,5.0,5.0,0.03232605,0,0.0
178,179,379,4.85,5.116666666666666,5.0,5.0,0.032368883333333334,0,0.0
179,180,379,4.85,5.116666666666666,5.0,5.0,0.032368883333333334,0,0.0
180,181,379,4.85,5.116666666666666,5.0,5.0,0.032368883333333334,0,0.0
181,182,380,4.85,5.116666666666666,5.0,5.0,0.03232605,0,0.0
182,183,379,4.85,5.116666666666666,5.0,5.0,0.032368883333333334,0,0.0
183,184,380,4.85,5.116666666666666,5.0,5.0,0.03232605,0,0.0
184,185,380,4.85,5.116666666666666,5.0,5.0,0.03232605,0,0.0
185,186,379,4.85,5.116666666666666,5.0,5.0,0.032368883333333334,0,0.0
186,187,379,4.85,5.116666666666666,5.0,5.0,0.032368883333333334,0,0.0
187,188,379,4.85,5.116666666666666,5.0,5.0,0.032368883333333334,0,0.0
188,189,379,4.85,5.116666666666666,5.0,5.0,0.032368883333333334,0,0.0
189,190,380,4.85,5.116666666666666,5.0,5.0,0.03232605,0,0.0
190,191,379,4.85,5.116666666666666,5.0,5.0,0.032368883333333334,0,0.0
191,192,380,4.85,5.116666666666666,5.0,5.0,0.03232605,0,0.0
192,193,379,4.85,5.116666666666666,5.0,5.0,0.032368883333333334,0,0.0
193,194,379,4.85,5.116666666666666,5.0,5.0,0.032368883333333334,0,0.0
194,195,380,4.85,5.116666666666666,5.0,5.0,0.03232605,0,0.0
195,196,380,4.85,5.116666666666666,5.0,5.0,0.03232605,0,0.0
196,197,380,4.85,5.116666666666666,5.0,5.0,0.03232605,0,0.0
197,198,379,4.85,5.116666666666666,5.0,5.0,0.032368883333333334,0,0.0
198,199,380,4.85,5.116666666666666,5.0,5.0,0.03232605,0,0.0
199,200,380,4.85,5.116666666666666,5.0,5.0,0.03232605,0,0.0
200,201,379,4.85,5.116666666666666,5.0,5.0,0.032368883333333334,0,0.0
201,202,379,4.85,5.116666666666666,5.0,5.0,0.032368883333333334,0,0.0
202,203,379,4.85,5.116666666666666,5.0,5.0,0.032368883333333334,0,0.0
203,204,379,4.85,5.116666666666666,5.0,5.0,0.032368883333333334,0,0.0
204,205,379,4.85,5.116666666666666,5.0,5.0,0.032368883333333334,0,0.0
205,206,379,4.85,5.116666666666666,5.0,5.0,0.032368883333333334,0,0.0
206,207,380,4.85,5.116666666666666,5.0,5.0,0.03232605,0,0.0
207,208,379,4.85,5.116666666666666,5.0,5.0,0.032368883333333334,0,0.0
208,209,380,4.85,5.116666666666666,5.0,5.0,0.03232605,0,0.0
209,210,379,4.85,5.116666666666666,5.0,5.0,0.032368883333333334,0,0.0
210,211,380,4.85,5.116666666666666,5.0,5.0,0.03232605,0,0.0
211,212,380,4.85,5.116666666666666,5.0,5.0,0.03232605,0,0.0
212,213,379,4.85,5.116666666666666,5.0,5.0,0.032368883333333334,0,0.0
213,214,380,4.85,5.116666666666666,5.0,5.0,0.03232605,0,0.0
214,215,380,4.85,5.116666666666666,5.0,5.0,0.03232605,0,0.0
215,216,380,4.85,5.116666666666666,5.0,5.0,0.03232605,0,0.0
216,217,380,4.85,5.116666666666666,5.0,5.0,0.03232605,0,0.0
217,218,379,4.85,5.116666666666666,5.0,5.0,0.032368883333333334,0,0.0
218,219,380,4.85,5.116666666666666,5.0,5.0,0.03232605,0,0.0
219,220,379,4.85,5.116666666666666,5.0,5.0,0.032368883333333334,0,0.0
220,221,379,4.85,5.116666666666666,5.0,5.0,0.032368883333333334,0,0.0
221,222,380,4.85,5.116666666666666,5.0,5.0,0.03232605,0,0.0
222,223,380,4.85,5.116666666666666,5.0,5.0,0.03232605,0,0.0
223,224,379,4.85,5.116666666666666,5.0,5.0,0.032368883333333334,0,0.0
224,225,379,4.85,5.116666666666666,5.0,5.0,0.032368883333333334,0,0.0
225,226,379,4.85,5.116666666666666,5.0,5.0,0.032368883333333334,0,0.0
226,227,380,4.85,5.116666666666666,5.0,5.0,0.03232605,0,0.0
227,228,380,4.85,5.116666666666666,5.0,5.0,0.03232605,0,0.0
228,229,379,4.85,5.116666666666666,5.0,5.0,0.032368883333333334,0,0.0
229,230,380,4.85,5.116666666666666,5.0,5.0,0.03232605,0,0.0
230,231,379,4.85,5.116666666666666,5.0,5.0,0.032368883333333334,0,0.0
231,232,380,4.85,5.116666666666666,5.0,5.0,0.03232605,0,0.0
232,233,379,4.85,5.116666666666666,5.0,5.0,0.032368883333333334,0,0.0
233,234,380,4.85,5.116666666666666,5.0,5.0,0.03232605,0,0.0
234,235,380,4.85,5.116666666666666,5.0,5.0,0.03232605,0,0.0
235,236,380,4.85,5.116666666666666,5.0,5.0,0.03232605,0,0.0
236,237,379,4.85,5.116666666666666,5.0,5.0,0.032368883333333334,0,0.0
237,238,379,4.85,5.116666666666666,5.0,5.0,0.032368883333333334,0,0.0
238,239,380,4.85,5.116666666666666,5.0,5.0,0.03232605,0,0.0
239,240,379,4.85,5.116666666666666,5.0,5.0,0.032368883333333334,0,0.0
240,241,380,4.85,5.116666666666666,5.0,5.0,0.03232605,0,0.0
241,242,379,4.85,5.116666666666666,5.0,5.0,0.032368883333333334,0,0.0
242,243,379,4.85,5.116666666666666,5.0,5.0,0.032368883333333334,0,0.0
243,244,380,4.85,5.116666666666666,5.0,5.0,0.03232605,0,0.0
244,245,380,4.85,5.116666666666666,5.0,5.0,0.03232605,0,0.0
245,246,380,4.85,5.116666666666666,5.0,5.0,0.03232605,0,0.0
246,247,379,4.85,5.116666666666666,5.0,5.0,0.032368883333333334,0,0.0
247,248,379,4.85,5.116666666666666,5.0,5.0,0.032368883333333334,0,0.0
248,249,380,4.85,5.116666666666666,5.0,5.0,0.03232605,0,0.0
249,250,379,4.85,5.116666666666666,5.0,5.0,0.032368883333333334,0,0.0
250,251,380,4.85,5.116666666666666,5.0,5.0,0.03232605,0,0.0
251,252,380,4.85,5.116666666666666,5.0,5.0,0.03232605,0,0.0
252,253,379,4.85,5.116666666666666,5.0,5.0,0.032368883333333334,0,0.0
253,254,379,4.85,5.116666666666666,5.0,5.0,0.032368883333333334,0,0.0
254,255,379,4.85,5.116666666666666,5.0,5.0,0.032368883333333334,0,0.0
255,256,380,4.85,5.116666666666666,5.0,5.0,0.03232605,0,0.0
256,257,379,4.85,5.116666666666666,5.0,5.0,0.032368883333333334,0,0.0
257,258,380,4.85,5.116666666666666,5.0,5.0,0.03232605,0,0.0
258,259,379,4.85,5.116666666666666,5.0,5.0,0.032368883333333334,0,0.0
259,260,379,4.85,5.116666666666666,5.0,5.0,0.032368883333333334,0,0.0
260,261,379,4.85,5.116666666666666,5.0,5.0,0.032368883333333334,0,0.0
261,262,380,4.85,5.116666666666666,5.0,5.0,0.03232605,0,0.0
262,263,379,4.85,5.116666666666666,5.0,5.0,0.032368883333333334,0,0.0
263,264,380,4.85,5.116666666666666,5.0,5.0,0.03232605,0,0.0
264,265,380,4.85,5.116666666666666,5.0,5.0,0.03232605,0,0.0
265,266,380,4.85,5.116666666666666,5.0,5.0,0.03232605,0,0.0
266,267,380,4.85,5.116666666666666,5.0,5.0,0.03232605,0,0.0
267,268,379,4.85,5.116666666666666,5.0,5.0,0.032368883333333334,0,0.0
268,269,380,4.85,5.116666666666666,5.0,5.0,0.03232605,0,0.0
269,270,380,4.85,5.116666666666666,5.0,5.0,0.03232605,0,0.0
270,271,379,4.85,5.116666666666666,5.0,5.0,0.032368883333333334,0,0.0
271,272,380,4.85,5.116666666666666,5.0,5.0,0.03232605,0,0.0
272,273,379,4.85,5.116666666666666,5.0,5.0,0.032368883333333334,0,0.0
273,274,380,4.85,5.116666666666666,5.0,5.0,0.03232605,0,0.0
274,275,379,4.85,5.116666666666666,5.0,5.0,0.032368883333333334,0,0.0
275,276,379,4.85,5.116666666666666,5.0,5.0,0.032368883333333334,0,0.0
276,277,379,4.85,5.116666666666666,5.0,5.0,0.032368883333333334,0,0.0
277,278,380,4.85,5.116666666666666,5.0,5.0,0.03232605,0,0.0
278,279,379,4.85,5.116666666666666,5.0,5.0,0.032368883333333334,0,0.0
279,280,379,4.85,5.116666666666666,5.0,5.0,0.032368883333333334,0,0.0
280,281,380,4.85,5.116666666666666,5.0,5.0,0.03232605,0,0.0
281,282,380,4.85,5.116666666666666,5.0,5.0,0.03232605,0,0.0
282,283,379,4.85,5.116666666666666,5.0,5.0,0.032368883333333334,0,0.0
283,284,380,4.85,5.116666666666666,5.0,5.0,0.03232605,0,0.0
284,285,379,4.85,5.116666666666666,5.0,5.0,0.032368883333333334,0,0.0
285,286,380,4.85,5.116666666666666,5.0,5.0,0.03232605,0,0.0
286,287,380,4.85,5.116666666666666,5.0,5.0,0.03232605,0,0.0
287,288,379,4.85,5.116666666666666,5.0,5.0,0.032368883333333334,0,0.0
288,289,379,4.85,5.116666666666666,5.0,5.0,0.032368883333333334,0,0.0
289,290,379,4.85,5.116666666666666,5.0,5.0,0.032368883333333334,0,0.0
290,291,379,4.85,5.116666666666666,5.0,5.0,0.032368883333333334,0,0.0
291,292,379,4.85,5.116666666666666,5.0,5.0,0.032368883333333334,0,0.0
292,293,380,4.85,5.116666666666666,5.0,5.0,0.03232605,0,0.0
293,294,379,4.85,5.116666666666666,5.0,5.0,0.032368883333333334,0,0.0
294,295,379,4.85,5.116666666666666,5.0,5.0,0.032368883333333334,0,0.0
295,296,380,4.85,5.116666666666666,5.0,5.0,0.03232605,0,0.0
296,297,380,4.85,5.116666666666666,5.0,5.0,0.03232605,0,0.0
297,298,379,4.85,5.116666666666666,5.0,5.0,0.032368883333333334,0,0.0
298,299,379,4.85,5.116666666666666,5.0,5.0,0.032368883333333334,0,0.0
299,300,379,4.85,5.116666666666666,5.0,5.0,0.032368883333333334,0,0.0
300,301,380,4.85,5.116666666666666,5.0,5.0,0.03232605,0,0.0
301,302,380,4.85,5.116666666666666,5.0,5.0,0.03232605,0,0.0
302,303,379,4.85,5.116666666666666,5.0,5.0,0.032368883333333334,0,0.0
303,304,379,4.85,5.116666666666666,5.0,5.0,0.032368883333333334,0,0.0
304,305,380,4.85,5.116666666666666,5.0,5.0,0.03232605,0,0.0
305,306,380,4.85,5.116666666666666,5.0,5.0,0.03232605,0,0.0
306,307,379,4.85,5.116666666666666,5.0,5.0,0.032368883333333334,0,0.0
307,308,380,4.85,5.116666666666666,5.0,5.0,0.03232605,0,0.0
308,309,379,4.85,5.116666666666666,5.0,5.0,0.032368883333333334,0,0.0
309,310,379,4.85,5.116666666666666,5.0,5.0,0.032368883333333334,0,0.0
310,311,380,4.85,5.116666666666666,5.0,5.0,0.03232605,0,0.0
311,312,380,4.85,5.116666666666666,5.0,5.0,0.03232605,0,0.0
312,313,380,4.85,5.116666666666666,5.0,5.0,0.03232605,0,0.0
313,314,380,4.85,5.116666666666666,5.0,5.0,0.03232605,0,0.0
314,315,380,4.85,5.116666666666666,5.0,5.0,0.03232605,0,0.0
315,316,380,4.85,5.116666666666666,5.0,5.0,0.03232605,0,0.0
316,317,380,4.85,5.116666666666666,5.0,5.0,0.03232605,0,0.0
317,318,379,4.85,5.116666666666666,5.0,5.0,0.032368883333333334,0,0.0
318,319,379,4.85,5.116666666666666,5.0,5.0,0.032368883333333334,0,0.0
319,320,379,4.85,5.116666666666666,5.0,5.0,0.032368883333333334,0,0.0
320,321,380,4.85,5.116666666666666,5.0,5.0,0.03232605,0,0.0
321,322,380,4.85,5.116666666666666,5.0,5.0,0.03232605,0,0.0
322,323,379,4.85,5.116666666666666,5.0,5.0,0.032368883333333334,0,0.0
323,324,379,4.85,5.116666666666666,5.0,5.0,0.032368883333333334,0,0.0
324,325,380,4.85,5.116666666666666,5.0,5.0,0.03232605,0,0.0
325,326,380,4.85,5.116666666666666,5.0,5.0,0.03232605,0,0.0
326,327,380,4.85,5.116666666666666,5.0,5.0,0.03232605,0,0.0
327,328,379,4.85,5.116666666666666,5.0,5.0,0.032368883333333334,0,0.0
328,329,380,4.85,5.116666666666666,5.0,5.0,0.03232605,0,0.0
329,330,379,4.85,5.116666666666666,5.0,5.0,0.032368883333333334,0,0.0
330,331,380,4.85,5.116666666666666,5.0,5.0,0.03232605,0,0.0
331,332,380,4.85,5.116666666666666,5.0,5.0,0.03232605,0,0.0
332,333,379,4.85,5.116666666666666,5.0,5.0,0.032368883333333334,0,0.0
333,334,379,4.85,5.116666666666666,5.0,5.0,0.032368883333333334,0,0.0
334,335,380,4.85,5.116666666666666,5.0,5.0,0.03232605,0,0.0
335,336,379,4.85,5.116666666666666,5.0,5.0,0.032368883333333334,0,0.0
336,337,379,4.85,5.116666666666666,5.0,5.0,0.032368883333333334,0,0.0
337,338,379,4.85,5.116666666666666,5.0,5.0,0.032368883333333334,0,0.0
338,339,380,4.85,5.116666666666666,5.0,5.0,0.03232605,0,0.0
339,340,379,4.85,5.116666666666666,5.0,5.0,0.032368883333333334,0,0.0
340,341,380,4.85,5.116666666666666,5.0,5.0,0.03232605,0,0.0
341,342,379,4.85,5.116666666666666,5.0,5.0,0.032368883333333334,0,0.0
342,343,379,4.85,5.116666666666666,5.0,5.0,0.032368883333333334,0,0.0
343,344,380,4.85,5.116666666666666,5.0,5.0,0.03232605,0,0.0
344,345,380,4.85,5.116666666666666,5.0,5.0,0.03232605,0,0.0
345,346,380,4.85,5.116666666666666,5.0,5.0,0.03232605,0,0.0
346,347,379,4.85,5.116666666666666,5.0,5.0,0.032368883333333334,0,0.0
347,348,379,4.85,5.116666666666666,5.0,5.0,0.032368883333333334,0,0.0
348,349,380,4.85,5.116666666666666,5.0,5.0,0.03232605,0,0.0
349,350,379,4.85,5.116666666666666,5.0,5.0,0.032368883333333334,0,0.0
350,351,379,4.85,5.116666666666666,5.0,5.0,0.032368883333333334,0,0.0
351,352,379,4.85,5.116666666666666,5.0,5.0,0.032368883333333334,0,0.0
352,353,379,4.85,5.116666666666666,5.0,5.0,0.032368883333333334,0,0.0
353,354,379,4.85,5.116666666666666,5.0,5.0,0.032368883333333334,0,0.0
354,355,379,4.85,5.116666666666666,5.0,5.0,0.032368883333333334,0,0.0
355,356,379,4.85,5.116666666666666,5.0,5.0,0.032368883333333334,0,0.0
356,357,379,4.85,5.116666666666666,5.0,5.0,0.032368883333333334,0,0.0
357,358,379,4.85,5.116666666666666,5.0,5.0,0.032368883333333334,0,0.0
358,359,379,4.85,5.116666666666666,5.0,5.0,0.032368883333333334,0,0.0
359,360,379,4.85,5.116666666666666,5.0,5.0,0.032368883333333334,0,0.0
360,361,380,4.85,5.116666666666666,5.0,5.0,0.03232605,0,0.0
361,362,379,4.85,5.116666666666666,5.0,5.0,0.032368883333333334,0,0.0
362,363,379,4.85,5.116666666666666,5.0,5.0,0.032368883333333334,0,0.0
363,364,380,4.85,5.116666666666666,5.0,5.0,0.03232605,0,0.0
364,365,380,4.85,5.116666666666666,5.0,5.0,0.03232605,0,0.0
365,366,380,4.85,5.116666666666666,5.0,5.0,0.03232605,0,0.0
366,367,379,4.85,5.116666666666666,5.0,5.0,0.032368883333333334,0,0.0
367,368,379,4.85,5.116666666666666,5.0,5.0,0.032368883333333334,0,0.0
368,369,380,4.85,5.116666666666666,5.0,5.0,0.03232605,0,0.0
369,370,380,4.85,5.116666666666666,5.0,5.0,0.03232605,0,0.0
370,371,380,4.85,5.116666666666666,5.0,5.0,0.03232605,0,0.0
371,372,380,4.85,5.116666666666666,5.0,5.0,0.03232605,0,0.0
372,373,379,4.85,5.116666666666666,5.0,5.0,0.032368883333333334,0,0.0
373,374,380,4.85,5.116666666666666,5.0,5.0,0.03232605,0,0.0
374,375,380,4.85,5.116666666666666,5.0,5.0,0.03232605,0,0.0
375,376,380,4.85,5.116666666666666,5.0,5.0,0.03232605,0,0.0
376,377,380,4.85,5.116666666666666,5.0,5.0,0.03232605,0,0.0
377,378,380,4.85,5.116666666666666,5.0,5.0,0.03232605,0,0.0
378,379,379,4.85,5.116666666666666,5.0,5.0,0.032368883333333334,0,0.0
379,380,380,4.85,5.116666666666666,5.0,5.0,0.03232605,0,0.0
380,381,380,4.85,5.116666666666666,5.0,5.0,0.03232605,0,0.0
381,382,379,4.85,5.116666666666666,5.0,5.0,0.032368883333333334,0,0.0
382,383,380,4.85,5.116666666666666,5.0,5.0,0.03232605,0,0.0
383,384,380,4.85,5.116666666666666,5.0,5.0,0.03232605,0,0.0
384,385,379,4.85,5.116666666666666,5.0,5.0,0.032368883333333334,0,0.0
385,386,379,4.85,5.116666666666666,5.0,5.0,0.032368883333333334,0,0.0
386,387,379,4.85,5.116666666666666,5.0,5.0,0.032368883333333334,0,0.0
387,388,380,4.85,5.116666666666666,5.0,5.0,0.03232605,0,0.0
388,389,380,4.85,5.116666666666666,5.0,5.0,0.03232605,0,0.0
389,390,380,4.85,5.116666666666666,5.0,5.0,0.03232605,0,0.0
390,391,379,4.85,5.116666666666666,5.0,5.0,0.032368883333333334,0,0.0
391,392,380,4.85,5.116666666666666,5.0,5.0,0.03232605,0,0.0
392,393,380,4.85,5.116666666666666,5.0,5.0,0.03232605,0,0.0
393,394,380,4.85,5.116666666666666,5.0,5.0,0.03232605,0,0.0
394,395,379,4.85,5.116666666666666,5.0,5.0,0.032368883333333334,0,0.0
395,396,380,4.85,5.116666666666666,5.0,5.0,0.03232605,0,0.0
396,397,379,4.85,5.116666666666666,5.0,5.0,0.032368883333333334,0,0.0
397,398,380,4.85,5.116666666666666,5.0,5.0,0.03232605,0,0.0
398,399,380,4.85,5.116666666666666,5.0,5.0,0.03232605,0,0.0
399,401,379,4.85,5.116666666666666,5.0,5.0,0.032368883333333334,0,0.0
400,402,380,4.85,5.116666666666666,5.0,5.0,0.03232605,0,0.0
401,403,380,4.85,5.116666666666666,5.0,5.0,0.03232605,0,0.0
402,404,380,4.85,5.116666666666666,5.0,5.0,0.03232605,0,0.0
403,405,380,4.85,5.116666666666666,5.0,5.0,0.03232605,0,0.0
404,406,379,4.85,5.116666666666666,5.0,5.0,0.032368883333333334,0,0.0
405,407,379,4.85,5.116666666666666,5.0,5.0,0.032368883333333334,0,0.0
406,408,379,4.85,5.116666666666666,5.0,5.0,0.032368883333333334,0,0.0
407,409,380,4.85,5.116666666666666,5.0,5.0,0.03232605,0,0.0
408,410,380,4.85,5.116666666666666,5.0,5.0,0.03232605,0,0.0
409,411,380,4.85,5.116666666666666,5.0,5.0,0.03232605,0,0.0
410,412,379,4.85,5.116666666666666,5.0,5.0,0.032368883333333334,0,0.0
411,413,379,4.85,5.116666666666666,5.0,5.0,0.032368883333333334,0,0.0
412,414,380,4.85,5.116666666666666,5.0,5.0,0.03232605,0,0.0
413,415,379,4.85,5.116666666666666,5.0,5.0,0.032368883333333334,0,0.0
414,416,379,4.85,5.116666666666666,5.0,5.0,0.032368883333333334,0,0.0
415,417,380,4.85,5.116666666666666,5.0,5.0,0.03232605,0,0.0
416,418,380,4.85,5.116666666666666,5.0,5.0,0.03232605,0,0.0
417,419,379,4.85,5.116666666666666,5.0,5.0,0.032368883333333334,0,0.0
418,420,379,4.85,5.116666666666666,5.0,5.0,0.032368883333333334,0,0.0
419,421,380,4.85,5.116666666666666,5.0,5.0,0.03232605,0,0.0
420,422,379,4.85,5.116666666666666,5.0,5.0,0.032368883333333334,0,0.0
421,423,379,4.85,5.116666666666666,5.0,5.0,0.032368883333333334,0,0.0
422,424,380,4.85,5.116666666666666,5.0,5.0,0.03232605,0,0.0
423,425,380,4.85,5.116666666666666,5.0,5.0,0.03232605,0,0.0
424,426,379,4.85,5.116666666666666,5.0,5.0,0.032368883333333334,0,0.0
425,427,379,4.85,5.116666666666666,5.0,5.0,0.032368883333333334,0,0.0
426,428,380,4.85,5.116666666666666,5.0,5.0,0.03232605,0,0.0
427,429,379,4.85,5.116666666666666,5.0,5.0,0.032368883333333334,0,0.0
428,430,379,4.85,5.116666666666666,5.0,5.0,0.032368883333333334,0,0.0
429,431,379,4.85,5.116666666666666,5.0,5.0,0.032368883333333334,0,0.0
430,432,379,4.85,5.116666666666666,5.0,5.0,0.032368883333333334,0,0.0
431,433,379,4.85,5.116666666666666,5.0,5.0,0.032368883333333334,0,0.0
432,434,379,4.85,5.116666666666666,5.0,5.0,0.032368883333333334,0,0.0
433,435,379,4.85,5.116666666666666,5.0,5.0,0.032368883333333334,0,0.0
434,436,380,4.85,5.116666666666666,5.0,5.0,0.03232605,0,0.0
435,437,379,4.85,5.116666666666666,5.0,5.0,0.032368883333333334,0,0.0
436,438,379,4.85,5.116666666666666,5.0,5.0,0.032368883333333334,0,0.0
437,439,380,4.85,5.116666666666666,5.0,5.0,0.03232605,0,0.0
438,440,380,4.85,5.116666666666666,5.0,5.0,0.03232605,0,0.0
439,441,379,4.85,5.116666666666666,5.0,5.0,0.032368883333333334,0,0.0
440,442,380,4.85,5.116666666666666,5.0,5.0,0.03232605,0,0.0
441,443,380,4.85,5.116666666666666,5.0,5.0,0.03232605,0,0.0
442,444,380,4.85,5.116666666666666,5.0,5.0,0.03232605,0,0.0
443,445,380,4.85,5.116666666666666,5.0,5.0,0.03232605,0,0.0
444,446,380,4.85,5.116666666666666,5.0,5.0,0.03232605,0,0.0
445,447,380,4.85,5.116666666666666,5.0,5.0,0.03232605,0,0.0
446,448,379,4.85,5.116666666666666,5.0,5.0,0.032368883333333334,0,0.0
447,449,380,4.85,5.116666666666666,5.0,5.0,0.03232605,0,0.0
448,450,379,4.85,5.116666666666666,5.0,5.0,0.032368883333333334,0,0.0
449,451,379,4.85,5.116666666666666,5.0,5.0,0.032368883333333334,0,0.0
450,452,380,4.85,5.116666666666666,5.0,5.0,0.03232605,0,0.0
451,453,380,4.85,5.116666666666666,5.0,5.0,0.03232605,0,0.0
452,454,379,4.85,5.116666666666666,5.0,5.0,0.032368883333333334,0,0.0
453,455,380,4.85,5.116666666666666,5.0,5.0,0.03232605,0,0.0
454,456,380,4.85,5.116666666666666,5.0,5.0,0.03232605,0,0.0
455,457,379,4.85,5.116666666666666,5.0,5.0,0.032368883333333334,0,0.0
456,458,379,4.85,5.116666666666666,5.0,5.0,0.032368883333333334,0,0.0
457,459,380,4.85,5.116666666666666,5.0,5.0,0.03232605,0,0.0
458,460,380,4.85,5.116666666666666,5.0,5.0,0.03232605,0,0.0
459,461,379,4.85,5.116666666666666,5.0,5.0,0.032368883333333334,0,0.0
460,462,380,4.85,5.116666666666666,5.0,5.0,0.03232605,0,0.0
461,463,379,4.85,5.116666666666666,5.0,5.0,0.032368883333333334,0,0.0
462,464,379,4.85,5.116666666666666,5.0,5.0,0.032368883333333334,0,0.0
463,465,380,4.85,5.116666666666666,5.0,5.0,0.03232605,0,0.0
464,466,380,4.85,5.116666666666666,5.0,5.0,0.03232605,0,0.0
465,467,379,4.85,5.116666666666666,5.0,5.0,0.032368883333333334,0,0.0
466,468,380,4.85,5.116666666666666,5.0,5.0,0.03232605,0,0.0
467,469,379,4.85,5.116666666666666,5.0,5.0,0.032368883333333334,0,0.0
468,470,379,4.85,5.116666666666666,5.0,5.0,0.032368883333333334,0,0.0
469,471,380,4.85,5.116666666666666,5.0,5.0,0.03232605,0,0.0
470,472,379,4.85,5.116666666666666,5.0,5.0,0.032368883333333334,0,0.0
471,473,380,4.85,5.116666666666666,5.0,5.0,0.03232605,0,0.0
472,474,379,4.85,5.116666666666666,5.0,5.0,0.032368883333333334,0,0.0
473,475,379,4.85,5.116666666666666,5.0,5.0,0.032368883333333334,0,0.0
474,476,380,4.85,5.116666666666666,5.0,5.0,0.03232605,0,0.0
475,477,380,4.85,5.116666666666666,5.0,5.0,0.03232605,0,0.0
476,478,379,4.85,5.116666666666666,5.0,5.0,0.032368883333333334,0,0.0
477,479,379,4.85,5.116666666666666,5.0,5.0,0.032368883333333334,0,0.0
478,480,380,4.85,5.116666666666666,5.0,5.0,0.03232605,0,0.0
479,481,380,4.85,5.116666666666666,5.0,5.0,0.03232605,0,0.0
480,482,380,4.85,5.116666666666666,5.0,5.0,0.03232605,0,0.0
481,483,380,4.85,5.116666666666666,5.0,5.0,0.03232605,0,0.0
482,484,380,4.85,5.116666666666666,5.0,5.0,0.03232605,0,0.0
483,485,380,4.85,5.116666666666666,5.0,5.0,0.03232605,0,0.0
484,486,379,4.85,5.116666666666666,5.0,5.0,0.032368883333333334,0,0.0
485,487,379,4.85,5.116666666666666,5.0,5.0,0.032368883333333334,0,0.0
486,488,380,4.85,5.116666666666666,5.0,5.0,0.03232605,0,0.0
487,489,379,4.85,5.116666666666666,5.0,5.0,0.032368883333333334,0,0.0
488,490,380,4.85,5.116666666666666,5.0,5.0,0.03232605,0,0.0
489,491,379,4.85,5.116666666666666,5.0,5.0,0.032368883333333334,0,0.0
490,492,379,4.85,5.116666666666666,5.0,5.0,0.032368883333333334,0,0.0
491,493,380,4.85,5.116666666666666,5.0,5.0,0.03232605,0,0.0
492,494,379,4.85,5.116666666666666,5.0,5.0,0.032368883333333334,0,0.0
493,501,380,4.85,5.116666666666666,5.0,5.0,0.03232605,0,0.0
494,502,379,4.85,5.116666666666666,5.0,5.0,0.032368883333333334,0,0.0
495,503,379,4.85,5.116666666666666,5.0,5.0,0.032368883333333334,0,0.0
496,504,379,4.85,5.116666666666666,5.0,5.0,0.032368883333333334,0,0.0
497,505,379,4.85,5.116666666666666,5.0,5.0,0.032368883333333334,0,0.0
498,506,379,4.85,5.116666666666666,5.0,5.0,0.032368883333333334,0,0.0
499,507,379,4.85,5.116666666666666,5.0,5.0,0.032368883333333334,0,0.0
500,508,380,4.85,5.116666666666666,5.0,5.0,0.03232605,0,0.0
501,509,379,4.85,5.116666666666666,5.0,5.0,0.032368883333333334,0,0.0
502,510,379,4.85,5.116666666666666,5.0,5.0,0.032368883333333334,0,0.0
503,511,379,4.85,5.116666666666666,5.0,5.0,0.032368883333333334,0,0.0
504,512,380,4.85,5.116666666666666,5.0,5.0,0.03232605,0,0.0
505,513,379,4.85,5.116666666666666,5.0,5.0,0.032368883333333334,0,0.0
506,514,379,4.85,5.116666666666666,5.0,5.0,0.032368883333333334,0,0.0
507,515,380,4.85,5.116666666666666,5.0,5.0,0.03232605,0,0.0
508,516,379,4.85,5.116666666666666,5.0,5.0,0.032368883333333334,0,0.0
509,517,380,4.85,5.116666666666666,5.0,5.0,0.03232605,0,0.0
510,518,380,4.85,5.116666666666666,5.0,5.0,0.03232605,0,0.0
511,519,379,4.85,5.116666666666666,5.0,5.0,0.032368883333333334,0,0.0
512,520,380,4.85,5.116666666666666,5.0,5.0,0.03232605,0,0.0
513,521,380,4.85,5.116666666666666,5.0,5.0,0.03232605,0,0.0
514,522,379,4.85,5.116666666666666,5.0,5.0,0.032368883333333334,0,0.0
515,523,379,4.85,5.116666666666666,5.0,5.0,0.032368883333333334,0,0.0
516,524,380,4.85,5.116666666666666,5.0,5.0,0.03232605,0,0.0
517,525,379,4.85,5.116666666666666,5.0,5.0,0.032368883333333334,0,0.0
518,526,379,4.85,5.116666666666666,5.0,5.0,0.032368883333333334,0,0.0
519,527,380,4.85,5.116666666666666,5.0,5.0,0.03232605,0,0.0
520,528,380,4.85,5.116666666666666,5.0,5.0,0.03232605,0,0.0
521,529,380,4.85,5.116666666666666,5.0,5.0,0.03232605,0,0.0
522,530,380,4.85,5.116666666666666,5.0,5.0,0.03232605,0,0.0
523,531,380,4.85,5.116666666666666,5.0,5.0,0.03232605,0,0.0
524,532,380,4.85,5.116666666666666,5.0,5.0,0.03232605,0,0.0
525,533,379,4.85,5.116666666666666,5.0,5.0,0.032368883333333334,0,0.0
526,534,380,4.85,5.116666666666666,5.0,5.0,0.03232605,0,0.0
